train_loss,epoch,step,val_loss
4.295648097991943,0,0,
,0,0,4.30504846572876
